61083,Administrative and Operational Audit
60469,Administrative and Operational Audit
60472,Administrative and Operational Audit
61092,Administrative and Operational Audit
61084,Administrative and Operational Audit
60470,Administrative and Operational Audit
61088,Administrative and Operational Audit
61085,Administrative and Operational Audit
61089,Administrative and Operational Audit
61086,Administrative and Operational Audit
61090,Administrative and Operational Audit
61087,Administrative and Operational Audit
61091,Administrative and Operational Audit
15504,Policy Diagnostics
15506,Policy Diagnostics
15503,Policy Diagnostics
15505,Policy Diagnostics
24045,Identity Stores Diagnostics
24046,Identity Stores Diagnostics
24047,Identity Stores Diagnostics
60467,Administrative and Operational Audit
60468,Administrative and Operational Audit
60466,Administrative and Operational Audit
61081,Administrative and Operational Audit
61082,Administrative and Operational Audit
62007,Administrative and Operational Audit
62008,Administrative and Operational Audit
62009,Administrative and Operational Audit
62010,Administrative and Operational Audit
62011,Administrative and Operational Audit
62012,Administrative and Operational Audit
62013,Administrative and Operational Audit
62014,Administrative and Operational Audit
62015,Administrative and Operational Audit
62016,Administrative and Operational Audit
62017,Administrative and Operational Audit
80017,Administrative and Operational Audit
80018,Administrative and Operational Audit
80019,Administrative and Operational Audit
90503,Administrative and Operational Audit
90506,Administrative and Operational Audit
62006,Administrative and Operational Audit
61303,Administrative and Operational Audit
80017,Profiler
80018,Profiler
80019,Profiler
90503,PassiveID
90506,PassiveID
11700,RADIUS Diagnostics
11701,RADIUS Diagnostics
11702,RADIUS Diagnostics
11703,RADIUS Diagnostics
11704,RADIUS Diagnostics
11705,RADIUS Diagnostics
11706,RADIUS Diagnostics
11707,RADIUS Diagnostics
11708,RADIUS Diagnostics
11709,RADIUS Diagnostics
11710,RADIUS Diagnostics
11711,RADIUS Diagnostics
11712,RADIUS Diagnostics
11713,RADIUS Diagnostics
11714,RADIUS Diagnostics
11715,RADIUS Diagnostics
11716,RADIUS Diagnostics
11717,RADIUS Diagnostics
11724,RADIUS Diagnostics
11725,RADIUS Diagnostics
11726,RADIUS Diagnostics
11721,RADIUS Diagnostics
11722,RADIUS Diagnostics
11718,RADIUS Diagnostics
11719,RADIUS Diagnostics
11720,RADIUS Diagnostics
24797,Identity Stores Diagnostics
24798,Identity Stores Diagnostics
24799,Identity Stores Diagnostics
25113,AD Connector
25114,AD Connector
25115,AD Connector
25116,AD Connector
25117,AD Connector
61080,Administrative and Operational Audit
61238,Administrative and Operational Audit
61239,Administrative and Operational Audit
61240,Administrative and Operational Audit
61241,Administrative and Operational Audit
61242,Administrative and Operational Audit
61243,Administrative and Operational Audit
61244,Administrative and Operational Audit
61245,Administrative and Operational Audit
61237,Administrative and Operational Audit
61246,Administrative and Operational Audit
61300,Administrative and Operational Audit
61301,Administrative and Operational Audit
61302,Administrative and Operational Audit
34170,Internal Operations Diagnostics
35042,Licensing
35043,Licensing
35044,Licensing
35045,Licensing
35046,Licensing
35047,Licensing
35048,Licensing
35049,Licensing
35050,Licensing
35051,Licensing
35052,Licensing
35053,Licensing
35054,Licensing
35055,Licensing
90504,PassiveID
90505,PassiveID
87005,Posture and Client Provisioning Audit
87006,Posture and Client Provisioning Audit
92001,ACI Binding
92002,ACI Binding
92003,ACI Binding
92004,ACI Binding
92005,ACI Binding
92006,ACI Binding
25100,AD Connector
25101,AD Connector
25102,AD Connector
25103,AD Connector
25104,AD Connector
25105,AD Connector
25106,AD Connector
25107,AD Connector
25108,AD Connector
25109,AD Connector
25110,AD Connector
25111,AD Connector
25112,AD Connector
51025,Administrative and Operational Audit
61076,Administrative and Operational Audit
61077,Administrative and Operational Audit
61078,Administrative and Operational Audit
61079,Administrative and Operational Audit
61100,Administrative and Operational Audit
61101,Administrative and Operational Audit
61102,Administrative and Operational Audit
61103,Administrative and Operational Audit
61104,Administrative and Operational Audit
61105,Administrative and Operational Audit
61106,Administrative and Operational Audit
61107,Administrative and Operational Audit
61108,Administrative and Operational Audit
61109,Administrative and Operational Audit
61110,Administrative and Operational Audit
61111,Administrative and Operational Audit
61112,Administrative and Operational Audit
61113,Administrative and Operational Audit
61114,Administrative and Operational Audit
61115,Administrative and Operational Audit
61116,Administrative and Operational Audit
61117,Administrative and Operational Audit
61118,Administrative and Operational Audit
61119,Administrative and Operational Audit
61120,Administrative and Operational Audit
61121,Administrative and Operational Audit
61122,Administrative and Operational Audit
61123,Administrative and Operational Audit
61124,Administrative and Operational Audit
61125,Administrative and Operational Audit
61126,Administrative and Operational Audit
61127,Administrative and Operational Audit
61128,Administrative and Operational Audit
61129,Administrative and Operational Audit
61130,Administrative and Operational Audit
61131,Administrative and Operational Audit
61132,Administrative and Operational Audit
61133,Administrative and Operational Audit
61134,Administrative and Operational Audit
61135,Administrative and Operational Audit
61136,Administrative and Operational Audit
61137,Administrative and Operational Audit
61138,Administrative and Operational Audit
61139,Administrative and Operational Audit
61140,Administrative and Operational Audit
61141,Administrative and Operational Audit
61142,Administrative and Operational Audit
61143,Administrative and Operational Audit
61144,Administrative and Operational Audit
61145,Administrative and Operational Audit
61146,Administrative and Operational Audit
61147,Administrative and Operational Audit
61148,Administrative and Operational Audit
61149,Administrative and Operational Audit
61150,Administrative and Operational Audit
61151,Administrative and Operational Audit
61152,Administrative and Operational Audit
61153,Administrative and Operational Audit
61154,Administrative and Operational Audit
61156,Administrative and Operational Audit
61157,Administrative and Operational Audit
61158,Administrative and Operational Audit
61159,Administrative and Operational Audit
61160,Administrative and Operational Audit
61161,Administrative and Operational Audit
61162,Administrative and Operational Audit
61163,Administrative and Operational Audit
61164,Administrative and Operational Audit
61165,Administrative and Operational Audit
61166,Administrative and Operational Audit
61167,Administrative and Operational Audit
61168,Administrative and Operational Audit
61169,Administrative and Operational Audit
61170,Administrative and Operational Audit
61171,Administrative and Operational Audit
61172,Administrative and Operational Audit
61173,Administrative and Operational Audit
61174,Administrative and Operational Audit
61175,Administrative and Operational Audit
61176,Administrative and Operational Audit
61177,Administrative and Operational Audit
61178,Administrative and Operational Audit
61179,Administrative and Operational Audit
61180,Administrative and Operational Audit
61181,Administrative and Operational Audit
61182,Administrative and Operational Audit
61183,Administrative and Operational Audit
61184,Administrative and Operational Audit
61185,Administrative and Operational Audit
61186,Administrative and Operational Audit
61187,Administrative and Operational Audit
61188,Administrative and Operational Audit
61189,Administrative and Operational Audit
61190,Administrative and Operational Audit
61191,Administrative and Operational Audit
61192,Administrative and Operational Audit
61193,Administrative and Operational Audit
61194,Administrative and Operational Audit
61195,Administrative and Operational Audit
61196,Administrative and Operational Audit
61197,Administrative and Operational Audit
61198,Administrative and Operational Audit
61199,Administrative and Operational Audit
61200,Administrative and Operational Audit
61201,Administrative and Operational Audit
61202,Administrative and Operational Audit
61203,Administrative and Operational Audit
61204,Administrative and Operational Audit
61205,Administrative and Operational Audit
61206,Administrative and Operational Audit
61207,Administrative and Operational Audit
61208,Administrative and Operational Audit
61209,Administrative and Operational Audit
61210,Administrative and Operational Audit
61211,Administrative and Operational Audit
61212,Administrative and Operational Audit
61213,Administrative and Operational Audit
61214,Administrative and Operational Audit
61215,Administrative and Operational Audit
61216,Administrative and Operational Audit
61217,Administrative and Operational Audit
61218,Administrative and Operational Audit
61219,Administrative and Operational Audit
61220,Administrative and Operational Audit
61221,Administrative and Operational Audit
61222,Administrative and Operational Audit
61223,Administrative and Operational Audit
61224,Administrative and Operational Audit
61225,Administrative and Operational Audit
61226,Administrative and Operational Audit
61227,Administrative and Operational Audit
61228,Administrative and Operational Audit
61229,Administrative and Operational Audit
61230,Administrative and Operational Audit
61231,Administrative and Operational Audit
61232,Administrative and Operational Audit
61233,Administrative and Operational Audit
61234,Administrative and Operational Audit
61235,Administrative and Operational Audit
61236,Administrative and Operational Audit
62000,Administrative and Operational Audit
62001,Administrative and Operational Audit
62002,Administrative and Operational Audit
62003,Administrative and Operational Audit
87901,Posture and Client Provisioning Audit
87921,Posture and Client Provisioning Audit
51106,Administrative and Operational Audit
61059,Administrative and Operational Audit
61060,Administrative and Operational Audit
61061,Administrative and Operational Audit
61062,Administrative and Operational Audit
61063,Administrative and Operational Audit
61064,Administrative and Operational Audit
61065,Administrative and Operational Audit
61066,Administrative and Operational Audit
61067,Administrative and Operational Audit
61068,Administrative and Operational Audit
61069,Administrative and Operational Audit
61070,Administrative and Operational Audit
61071,Administrative and Operational Audit
61072,Administrative and Operational Audit
61073,Administrative and Operational Audit
61074,Administrative and Operational Audit
61075,Administrative and Operational Audit
33511,Internal Operations Diagnostics
33512,Internal Operations Diagnostics
33513,Internal Operations Diagnostics
33514,Internal Operations Diagnostics
33515,Internal Operations Diagnostics
33516,Internal Operations Diagnostics
33517,Internal Operations Diagnostics
33518,Internal Operations Diagnostics
11525,RADIUS Diagnostics
11526,RADIUS Diagnostics
11527,RADIUS Diagnostics
11528,RADIUS Diagnostics
11529,RADIUS Diagnostics
11530,RADIUS Diagnostics
11531,RADIUS Diagnostics
11532,RADIUS Diagnostics
11533,RADIUS Diagnostics
11534,RADIUS Diagnostics
11535,RADIUS Diagnostics
11536,RADIUS Diagnostics
11537,RADIUS Diagnostics
11538,RADIUS Diagnostics
11539,RADIUS Diagnostics
11540,RADIUS Diagnostics
11541,RADIUS Diagnostics
11542,RADIUS Diagnostics
11543,RADIUS Diagnostics
11544,RADIUS Diagnostics
11545,RADIUS Diagnostics
11546,RADIUS Diagnostics
11547,RADIUS Diagnostics
11548,RADIUS Diagnostics
11549,RADIUS Diagnostics
11550,RADIUS Diagnostics
11551,RADIUS Diagnostics
11552,RADIUS Diagnostics
11553,RADIUS Diagnostics
11554,RADIUS Diagnostics
11555,RADIUS Diagnostics
11556,RADIUS Diagnostics
11557,RADIUS Diagnostics
11558,RADIUS Diagnostics
11559,RADIUS Diagnostics
11560,RADIUS Diagnostics
11561,RADIUS Diagnostics
11562,RADIUS Diagnostics
11563,RADIUS Diagnostics
11564,RADIUS Diagnostics
11565,RADIUS Diagnostics
11566,RADIUS Diagnostics
11567,RADIUS Diagnostics
11568,RADIUS Diagnostics
11569,RADIUS Diagnostics
11570,RADIUS Diagnostics
11571,RADIUS Diagnostics
11572,RADIUS Diagnostics
11573,RADIUS Diagnostics
11574,RADIUS Diagnostics
11575,RADIUS Diagnostics
11576,RADIUS Diagnostics
11577,RADIUS Diagnostics
11578,RADIUS Diagnostics
11579,RADIUS Diagnostics
11580,RADIUS Diagnostics
11581,RADIUS Diagnostics
11582,RADIUS Diagnostics
11583,RADIUS Diagnostics
11584,RADIUS Diagnostics
11585,RADIUS Diagnostics
11586,RADIUS Diagnostics
11587,RADIUS Diagnostics
11588,RADIUS Diagnostics
11589,RADIUS Diagnostics
11590,RADIUS Diagnostics
11591,RADIUS Diagnostics
11592,RADIUS Diagnostics
11593,RADIUS Diagnostics
11594,RADIUS Diagnostics
11595,RADIUS Diagnostics
11596,RADIUS Diagnostics
11597,RADIUS Diagnostics
11598,RADIUS Diagnostics
11599,RADIUS Diagnostics
11600,RADIUS Diagnostics
11601,RADIUS Diagnostics
11602,RADIUS Diagnostics
11603,RADIUS Diagnostics
11604,RADIUS Diagnostics
11605,RADIUS Diagnostics
11606,RADIUS Diagnostics
11607,RADIUS Diagnostics
11608,RADIUS Diagnostics
11609,RADIUS Diagnostics
11610,RADIUS Diagnostics
11611,RADIUS Diagnostics
11612,RADIUS Diagnostics
11613,RADIUS Diagnostics
11614,RADIUS Diagnostics
11615,RADIUS Diagnostics
11616,RADIUS Diagnostics
11617,RADIUS Diagnostics
11618,RADIUS Diagnostics
11619,RADIUS Diagnostics
11620,RADIUS Diagnostics
11621,RADIUS Diagnostics
11622,RADIUS Diagnostics
11623,RADIUS Diagnostics
11624,RADIUS Diagnostics
11625,RADIUS Diagnostics
11626,RADIUS Diagnostics
11627,RADIUS Diagnostics
11628,RADIUS Diagnostics
11629,RADIUS Diagnostics
11630,RADIUS Diagnostics
11631,RADIUS Diagnostics
11632,RADIUS Diagnostics
11633,RADIUS Diagnostics
11634,RADIUS Diagnostics
11635,RADIUS Diagnostics
11636,RADIUS Diagnostics
11637,RADIUS Diagnostics
11638,RADIUS Diagnostics
12756,RADIUS Diagnostics
12757,RADIUS Diagnostics
12758,RADIUS Diagnostics
12759,RADIUS Diagnostics
12760,RADIUS Diagnostics
12761,RADIUS Diagnostics
12762,RADIUS Diagnostics
12920,RADIUS Diagnostics
12921,RADIUS Diagnostics
12928,RADIUS Diagnostics
12968,RADIUS Diagnostics
61054,Administrative and Operational Audit
61055,Administrative and Operational Audit
61056,Administrative and Operational Audit
61057,Administrative and Operational Audit
61058,Administrative and Operational Audit
